mmmm,done,2021-07-23 14:05:00.000000Z
mmmm,done,2021-07-23 14:05:00.000000Z
no,done,2021-07-23 12:13:00.000000Z
no,done,2021-07-23 12:13:00.000000Z
share,done,2021-07-23 13:42:00.000000Z
no,done,2021-07-23 12:13:00.000000Z
share,done,2021-07-23 13:42:00.000000Z
Hello,progress,2021-07-23 13:41:00.000000Z
mananana,progress,2021-07-23 13:59:00.000000Z
mmmm,done,2021-07-23 14:05:00.000000Z
share,done,2021-07-23 13:42:00.000000Z
mmmmm,done,2021-07-23 13:44:00.000000Z
mmmmm,done,2021-07-23 13:44:00.000000Z
mmmmmaamama,done,2021-07-23 14:02:00.000000Z
no,done,2021-07-23 12:13:00.000000Z
no,done,2021-07-23 12:13:00.000000Z
mmmm,done,2021-07-23 14:05:00.000000Z
Hello,progress,2021-07-23 13:41:00.000000Z
mananana,progress,2021-07-23 13:59:00.000000Z
share,done,2021-07-23 13:42:00.000000Z
Hello,progress,2021-07-23 13:41:00.000000Z
mmmmmaamama,done,2021-07-23 14:02:00.000000Z
mmmmm,done,2021-07-23 13:44:00.000000Z
share,done,2021-07-23 13:42:00.000000Z
no,done,2021-07-23 12:13:00.000000Z
share,done,2021-07-23 13:42:00.000000Z
Hello,progress,2021-07-23 13:41:00.000000Z
mananana,progress,2021-07-23 13:59:00.000000Z
mmmmmaamama,done,2021-07-23 14:02:00.000000Z
mmmm,done,2021-07-23 14:05:00.000000Z
mmmmm,done,2021-07-23 13:44:00.000000Z
mmmm,done,2021-07-23 14:05:00.000000Z
Hello,progress,2021-07-23 13:41:00.000000Z
mananana,progress,2021-07-23 13:59:00.000000Z
share,done,2021-07-23 13:42:00.000000Z
mmmmmaamama,done,2021-07-23 14:02:00.000000Z
mananana,progress,2021-07-23 13:59:00.000000Z
mmmm,done,2021-07-23 14:05:00.000000Z
no,done,2021-07-23 12:13:00.000000Z
mananana,progress,2021-07-23 13:59:00.000000Z
mmmmmaamama,done,2021-07-23 14:02:00.000000Z
Hello,progress,2021-07-23 13:41:00.000000Z
mmmmm,done,2021-07-23 13:44:00.000000Z
mmmmm,done,2021-07-23 13:44:00.000000Z
mananana,progress,2021-07-23 13:59:00.000000Z
mmmm,done,2021-07-23 14:05:00.000000Z
mmmmmaamama,done,2021-07-23 14:02:00.000000Z
Hello,progress,2021-07-23 13:41:00.000000Z
mmmmm,done,2021-07-23 13:44:00.000000Z
Hello,progress,2021-07-23 13:41:00.000000Z
mmmmmaamama,done,2021-07-23 14:02:00.000000Z
mananana,progress,2021-07-23 13:59:00.000000Z
mmmmm,done,2021-07-23 13:44:00.000000Z
mmmmmaamama,done,2021-07-23 14:02:00.000000Z
no,done,2021-07-23 12:13:00.000000Z
share,done,2021-07-23 13:42:00.000000Z
